reference,quantity,image_url
317,0,https://pg-plaisio.gr/img/p/4/7/7/4//4774.jpg
319,194,https://pg-plaisio.gr/img/p/4/7/7/1//4771.jpg
320,200,https://pg-plaisio.gr/img/p/4/7/6/8//4768.jpg
351,0,https://pg-plaisio.gr/img/p/4/7/6/5//4765.jpg
352,0,https://pg-plaisio.gr/img/p/4/7/6/2//4762.jpg
415,100,https://pg-plaisio.gr/img/p/2/6/1/1/2/26112.jpg
435,100,https://pg-plaisio.gr/img/p/2/6/1/0/6/26106.jpg
440,100,https://pg-plaisio.gr/img/p/2/6/1/0/0/26100.jpg
2001,0,https://pg-plaisio.gr/img/p/4/7/5/9//4759.jpg
2003,198,https://pg-plaisio.gr/img/p/4/7/5/6//4756.jpg
2005,198,https://pg-plaisio.gr/img/p/4/7/5/3//4753.jpg
2007,199,https://pg-plaisio.gr/img/p/4/7/5/0//4750.jpg
2010,198,https://pg-plaisio.gr/img/p/4/7/4/7//4747.jpg
2011,200,https://pg-plaisio.gr/img/p/4/7/4/4//4744.jpg
2012,199,https://pg-plaisio.gr/img/p/4/7/4/1//4741.jpg
2021,0,https://pg-plaisio.gr/img/p/4/7/3/8//4738.jpg
2022,198,https://pg-plaisio.gr/img/p/4/7/3/5//4735.jpg
2023,199,https://pg-plaisio.gr/img/p/4/7/3/2//4732.jpg
2216,193,https://pg-plaisio.gr/img/p/4/7/2/9//4729.jpg
2281,0,https://pg-plaisio.gr/img/p/4/7/1/7//4717.jpg
2282,196,https://pg-plaisio.gr/img/p/4/7/1/4//4714.jpg
2421,0,https://pg-plaisio.gr/img/p/4/7/1/1//4711.jpg
2423,199,https://pg-plaisio.gr/img/p/4/7/0/8//4708.jpg
2701,195,https://pg-plaisio.gr/img/p/4/7/0/5//4705.jpg
2702,199,https://pg-plaisio.gr/img/p/4/7/0/2//4702.jpg
2703,199,https://pg-plaisio.gr/img/p/4/6/9/9//4699.jpg
2704,199,https://pg-plaisio.gr/img/p/4/6/9/6//4696.jpg
2708,169,https://pg-plaisio.gr/img/p/4/6/9/3//4693.jpg
2734,194,https://pg-plaisio.gr/img/p/4/6/9/0//4690.jpg
2799,190,https://pg-plaisio.gr/img/p/4/6/8/7//4687.jpg
3071,0,https://pg-plaisio.gr/img/p/4/6/8/4//4684.jpg
3072,0,https://pg-plaisio.gr/img/p/4/6/8/1//4681.jpg
3074,0,https://pg-plaisio.gr/img/p/4/6/7/8//4678.jpg
3412,199,https://pg-plaisio.gr/img/p/4/6/7/5//4675.jpg
3413,0,https://pg-plaisio.gr/img/p/4/6/7/2//4672.jpg
3821,0,https://pg-plaisio.gr/img/p/4/6/6/9//4669.jpg
4721,100,https://pg-plaisio.gr/img/p/2/4/9/5/8/24958.jpg
4722,100,https://pg-plaisio.gr/img/p/2/4/9/5/2/24952.jpg
4723,100,https://pg-plaisio.gr/img/p/2/4/9/4/6/24946.jpg
4805,198,https://pg-plaisio.gr/img/p/4/6/5/1//4651.jpg
4806,200,https://pg-plaisio.gr/img/p/4/6/4/8//4648.jpg
4808,0,https://pg-plaisio.gr/img/p/4/6/4/5//4645.jpg
4809,200,https://pg-plaisio.gr/img/p/4/6/4/2//4642.jpg
4814,200,https://pg-plaisio.gr/img/p/4/6/3/6//4636.jpg
4827,199,https://pg-plaisio.gr/img/p/4/6/3/3//4633.jpg
4899,189,https://pg-plaisio.gr/img/p/4/6/3/9//4639.jpg
5052,0,https://pg-plaisio.gr/img/p/4/6/3/0//4630.jpg
5053,192,https://pg-plaisio.gr/img/p/4/6/2/7//4627.jpg
5057,0,https://pg-plaisio.gr/img/p/4/6/2/4//4624.jpg
5258,0,https://pg-plaisio.gr/img/p/4/6/2/1//4621.jpg
6001,0,https://pg-plaisio.gr/img/p/4/6/1/8//4618.jpg
6002,200,https://pg-plaisio.gr/img/p/4/6/1/5//4615.jpg
6551,193,https://pg-plaisio.gr/img/p/4/6/1/2//4612.jpg
6552,198,https://pg-plaisio.gr/img/p/4/6/0/9//4609.jpg
6757,0,https://pg-plaisio.gr/img/p/4/6/0/6//4606.jpg
6760,184,https://pg-plaisio.gr/img/p/4/6/0/3//4603.jpg
7404,200,https://pg-plaisio.gr/img/p/2/4/5/7/4/24574.jpg
7408,200,https://pg-plaisio.gr/img/p/2/4/5/7/1/24571.jpg
7505,0,https://pg-plaisio.gr/img/p/4/5/9/4//4594.jpg
7506,0,https://pg-plaisio.gr/img/p/4/5/9/1//4591.jpg
7626,100,https://pg-plaisio.gr/img/p/2/4/5/3/4/24534.jpg
7630,200,https://pg-plaisio.gr/img/p/4/5/8/8//4588.jpg
7634,200,https://pg-plaisio.gr/img/p/4/5/8/5//4585.jpg
7635,200,https://pg-plaisio.gr/img/p/4/5/8/2//4582.jpg
7636,100,https://pg-plaisio.gr/img/p/2/4/5/2/7/24527.jpg
7638,200,https://pg-plaisio.gr/img/p/4/5/7/9//4579.jpg
7639,200,https://pg-plaisio.gr/img/p/4/5/7/6//4576.jpg
7643,200,https://pg-plaisio.gr/img/p/4/5/7/3//4573.jpg
7647,200,https://pg-plaisio.gr/img/p/4/5/7/0//4570.jpg
7652,200,https://pg-plaisio.gr/img/p/4/5/6/7//4567.jpg
7699,200,https://pg-plaisio.gr/img/p/4/5/6/4//4564.jpg
7771,199,https://pg-plaisio.gr/img/p/4/5/6/1//4561.jpg
7772,199,https://pg-plaisio.gr/img/p/4/5/5/8//4558.jpg
7773,200,https://pg-plaisio.gr/img/p/4/5/5/5//4555.jpg
7774,200,https://pg-plaisio.gr/img/p/4/5/5/2//4552.jpg
8151,0,https://pg-plaisio.gr/img/p/4/5/4/9//4549.jpg
8152,0,https://pg-plaisio.gr/img/p/4/5/4/6//4546.jpg
8263,200,https://pg-plaisio.gr/img/p/4/5/4/0//4540.jpg
8264,200,https://pg-plaisio.gr/img/p/4/5/3/7//4537.jpg
8301,200,https://pg-plaisio.gr/img/p/4/5/3/4//4534.jpg
8303,200,https://pg-plaisio.gr/img/p/4/5/3/1//4531.jpg
8304,200,https://pg-plaisio.gr/img/p/4/5/2/8//4528.jpg
8305,200,https://pg-plaisio.gr/img/p/4/5/2/5//4525.jpg
8308,200,https://pg-plaisio.gr/img/p/4/5/2/2//4522.jpg
8310,198,https://pg-plaisio.gr/img/p/4/5/1/9//4519.jpg
8311,199,https://pg-plaisio.gr/img/p/4/5/1/6//4516.jpg
9003,100,https://pg-plaisio.gr/img/p/2/4/3/3/7/24337.jpg
9006,100,https://pg-plaisio.gr/img/p/2/4/3/3/1/24331.jpg
9012,100,https://pg-plaisio.gr/img/p/2/4/3/2/5/24325.jpg
9014,100,https://pg-plaisio.gr/img/p/2/4/3/1/9/24319.jpg
9201,0,https://pg-plaisio.gr/img/p/4/5/1/3//4513.jpg
9202,0,https://pg-plaisio.gr/img/p/4/5/1/0//4510.jpg
9203,0,https://pg-plaisio.gr/img/p/4/5/0/7//4507.jpg
9852,200,https://pg-plaisio.gr/img/p/4/5/0/4//4504.jpg
9853,200,https://pg-plaisio.gr/img/p/4/5/0/1//4501.jpg
10353,0,https://pg-plaisio.gr/img/p/4/4/9/8//4498.jpg
11303,0,https://pg-plaisio.gr/img/p/4/4/9/5//4495.jpg
11304,0,https://pg-plaisio.gr/img/p/4/4/9/2//4492.jpg
80101,200,https://pg-plaisio.gr/img/p/4/4/8/9//4489.jpg
80102,0,https://pg-plaisio.gr/img/p/4/4/8/7//4487.jpg
044-011,100,https://pg-plaisio.gr/img/p/2/6/4/2/8/26428.jpg
044-08,99,https://pg-plaisio.gr/img/p/2/6/4/4/0/26440.jpg
044-09,99,https://pg-plaisio.gr/img/p/2/6/4/3/4/26434.jpg
0528-OGS,100,https://pg-plaisio.gr/img/p/2/5/8/8/2/25882.jpg
058-301,100,https://pg-plaisio.gr/img/p/2/6/3/9/8/26398.jpg
058-546,100,https://pg-plaisio.gr/img/p/2/6/3/9/2/26392.jpg
1004-295,199,https://pg-plaisio.gr/img/p/1/8/6/8/3/18683.jpg
1018-369,198,https://pg-plaisio.gr/img/p/1/8/6/8/0/18680.jpg
1038-246,0,https://pg-plaisio.gr/img/p/2/5/6/8/4/25684.jpg
1038-295,100,https://pg-plaisio.gr/img/p/2/5/6/7/8/25678.jpg
1038-317,100,https://pg-plaisio.gr/img/p/2/5/6/7/2/25672.jpg
105-440,100,https://pg-plaisio.gr/img/p/2/6/3/4/3/26343.jpg
105-441,100,https://pg-plaisio.gr/img/p/2/6/3/3/7/26337.jpg
106-10,0,https://pg-plaisio.gr/img/p/2/6/3/7/3/26373.jpg
106-315,96,https://pg-plaisio.gr/img/p/2/6/3/2/5/26325.jpg
106-607,97,https://pg-plaisio.gr/img/p/2/6/3/1/9/26319.jpg
106-610,98,https://pg-plaisio.gr/img/p/2/6/3/1/3/26313.jpg
106-627,100,https://pg-plaisio.gr/img/p/2/6/3/0/7/26307.jpg
106-628,100,https://pg-plaisio.gr/img/p/2/6/3/0/1/26301.jpg
1156-201,100,https://pg-plaisio.gr/img/p/2/5/6/6/6/25666.jpg
1156-202,0,https://pg-plaisio.gr/img/p/2/5/6/6/0/25660.jpg
1156-304,100,https://pg-plaisio.gr/img/p/2/5/6/5/4/25654.jpg
1156-305,100,https://pg-plaisio.gr/img/p/2/5/6/4/8/25648.jpg
126-441,100,https://pg-plaisio.gr/img/p/2/6/3/3/1/26331.jpg
138-01,100,https://pg-plaisio.gr/img/p/2/6/2/9/2/26292.jpg
138-03,99,https://pg-plaisio.gr/img/p/2/6/2/8/6/26286.jpg
1414-55,99,https://pg-plaisio.gr/img/p/2/5/6/4/2/25642.jpg
1414-56,100,https://pg-plaisio.gr/img/p/2/5/6/3/6/25636.jpg
146-13,100,https://pg-plaisio.gr/img/p/2/6/2/8/0/26280.jpg
1515-81,198,https://pg-plaisio.gr/img/p/4/4/8/3//4483.jpg
1515-82,198,https://pg-plaisio.gr/img/p/4/4/8/0//4480.jpg
1530-02,199,https://pg-plaisio.gr/img/p/4/4/7/7//4477.jpg
1530-03,199,https://pg-plaisio.gr/img/p/4/4/7/4//4474.jpg
1530-07,200,https://pg-plaisio.gr/img/p/4/4/7/1//4471.jpg
1530-23,192,https://pg-plaisio.gr/img/p/4/4/6/8//4468.jpg
1530-28,200,https://pg-plaisio.gr/img/p/4/4/6/5//4465.jpg
1530-3013,100,https://pg-plaisio.gr/img/p/2/5/6/3/0/25630.jpg
1530-3015,100,https://pg-plaisio.gr/img/p/2/5/6/2/4/25624.jpg
1530-81,199,https://pg-plaisio.gr/img/p/4/4/6/2//4462.jpg
1530-82,200,https://pg-plaisio.gr/img/p/4/4/5/9//4459.jpg
1540-201,1,https://pg-plaisio.gr/img/p/1/8/6/7/7/18677.jpg
1540-202,0,https://pg-plaisio.gr/img/p/1/8/6/7/4/18674.jpg
1540-204,200,https://pg-plaisio.gr/img/p/1/8/6/7/1/18671.jpg
1540-205,199,https://pg-plaisio.gr/img/p/1/8/6/6/8/18668.jpg
1616-07,199,https://pg-plaisio.gr/img/p/2/0/0/7/4/20074.jpg
1616-23,190,https://pg-plaisio.gr/img/p/4/4/5/6//4456.jpg
1616-81,189,https://pg-plaisio.gr/img/p/4/4/5/3//4453.jpg
1616-82,199,https://pg-plaisio.gr/img/p/4/4/5/0//4450.jpg
1616-87,194,https://pg-plaisio.gr/img/p/4/4/4/7//4447.jpg
1617-31,95,https://pg-plaisio.gr/img/p/2/5/6/1/8/25618.jpg
1617-32,100,https://pg-plaisio.gr/img/p/2/5/6/1/2/25612.jpg
1717-171,99,https://pg-plaisio.gr/img/p/2/5/6/0/6/25606.jpg
1717-181,100,https://pg-plaisio.gr/img/p/2/5/5/9/8/25598.jpg
1717-530,100,https://pg-plaisio.gr/img/p/2/5/5/9/2/25592.jpg
1717-536,100,https://pg-plaisio.gr/img/p/2/5/5/8/6/25586.jpg
173-1,100,https://pg-plaisio.gr/img/p/2/6/2/7/4/26274.jpg
1787-9224,100,https://pg-plaisio.gr/img/p/2/5/5/8/0/25580.jpg
1787-9225,100,https://pg-plaisio.gr/img/p/2/5/5/7/4/25574.jpg
1787-9226,100,https://pg-plaisio.gr/img/p/2/5/5/6/8/25568.jpg
1812-01,0,https://pg-plaisio.gr/img/p/4/4/4/4//4444.jpg
1812-02,199,https://pg-plaisio.gr/img/p/4/4/4/1//4441.jpg
1887-9224,100,https://pg-plaisio.gr/img/p/2/5/5/6/2/25562.jpg
1887-9225,100,https://pg-plaisio.gr/img/p/2/5/5/5/6/25556.jpg
192-051,100,https://pg-plaisio.gr/img/p/2/6/2/6/8/26268.jpg
1930-530,100,https://pg-plaisio.gr/img/p/2/5/5/4/4/25544.jpg
1930-531,100,https://pg-plaisio.gr/img/p/2/5/5/3/8/25538.jpg
1930-536,99,https://pg-plaisio.gr/img/p/2/5/5/3/2/25532.jpg
1941-3013,100,https://pg-plaisio.gr/img/p/2/5/5/2/8/25528.jpg
1941-3015,100,https://pg-plaisio.gr/img/p/2/5/5/1/9/25519.jpg
2003-H,99,https://pg-plaisio.gr/img/p/2/5/5/5/0/25550.jpg
2012-02,100,https://pg-plaisio.gr/img/p/2/5/5/1/3/25513.jpg
2013-1,100,https://pg-plaisio.gr/img/p/2/5/5/0/7/25507.jpg
2013-2,100,https://pg-plaisio.gr/img/p/2/5/5/0/1/25501.jpg
2013-3,100,https://pg-plaisio.gr/img/p/2/5/4/9/5/25495.jpg
2013-7,100,https://pg-plaisio.gr/img/p/2/5/4/8/9/25489.jpg
2013-8,100,https://pg-plaisio.gr/img/p/2/5/4/8/3/25483.jpg
2025-101,100,https://pg-plaisio.gr/img/p/2/5/4/7/7/25477.jpg
2025-102,100,https://pg-plaisio.gr/img/p/2/5/4/7/0/25470.jpg
2025-104,99,https://pg-plaisio.gr/img/p/2/5/4/6/4/25464.jpg
2026-052,200,https://pg-plaisio.gr/img/p/1/8/6/6/5/18665.jpg
2026-053,198,https://pg-plaisio.gr/img/p/1/8/6/6/2/18662.jpg
2027-90,100,https://pg-plaisio.gr/img/p/2/5/4/5/8/25458.jpg
2027-92,99,https://pg-plaisio.gr/img/p/2/5/4/5/2/25452.jpg
2027-93,100,https://pg-plaisio.gr/img/p/2/5/4/4/6/25446.jpg
2027-95,100,https://pg-plaisio.gr/img/p/2/5/4/4/0/25440.jpg
2030-006,100,https://pg-plaisio.gr/img/p/2/5/4/3/4/25434.jpg
2032-03,200,https://pg-plaisio.gr/img/p/4/4/3/8//4438.jpg
2032-07,198,https://pg-plaisio.gr/img/p/4/4/3/5//4435.jpg
2032-80,200,https://pg-plaisio.gr/img/p/4/4/3/2//4432.jpg
2032-81,199,https://pg-plaisio.gr/img/p/4/4/2/9//4429.jpg
2032-82,200,https://pg-plaisio.gr/img/p/4/4/2/6//4426.jpg
2040-006,100,https://pg-plaisio.gr/img/p/2/5/4/2/8/25428.jpg
2040-03,200,https://pg-plaisio.gr/img/p/4/4/2/0//4420.jpg
2040-07,199,https://pg-plaisio.gr/img/p/4/4/1/7//4417.jpg
2040-81,200,https://pg-plaisio.gr/img/p/4/4/1/4//4414.jpg
2040-82,200,https://pg-plaisio.gr/img/p/4/4/1/1//4411.jpg
2040-90,199,https://pg-plaisio.gr/img/p/2/5/4/1/8/25418.jpg
2041-185,200,https://pg-plaisio.gr/img/p/1/8/6/5/9/18659.jpg
2041-536,0,https://pg-plaisio.gr/img/p/1/8/6/5/6/18656.jpg
2042-171,194,https://pg-plaisio.gr/img/p/1/8/6/5/3/18653.jpg
2042-181,177,https://pg-plaisio.gr/img/p/1/8/6/5/0/18650.jpg
204-374,0,https://pg-plaisio.gr/img/p/2/6/2/6/2/26262.jpg
2060-01,100,https://pg-plaisio.gr/img/p/2/5/4/1/5/25415.jpg
2060-31,100,https://pg-plaisio.gr/img/p/2/5/4/0/9/25409.jpg
207-139,0,https://pg-plaisio.gr/img/p/2/6/2/5/6/26256.jpg
207-607,100,https://pg-plaisio.gr/img/p/2/6/2/5/0/26250.jpg
207-610,99,https://pg-plaisio.gr/img/p/2/6/2/4/4/26244.jpg
2113-01,200,https://pg-plaisio.gr/img/p/4/4/0/8//4408.jpg
2113-02,200,https://pg-plaisio.gr/img/p/4/4/0/5//4405.jpg
2113-05,200,https://pg-plaisio.gr/img/p/4/4/0/2//4402.jpg
2113-23,200,https://pg-plaisio.gr/img/p/4/3/9/9//4399.jpg
2115-03,194,https://pg-plaisio.gr/img/p/2/0/0/6/8/20068.jpg
2115-07,172,https://pg-plaisio.gr/img/p/2/0/0/6/2/20062.jpg
2115-23,190,https://pg-plaisio.gr/img/p/4/3/9/6//4396.jpg
2115-28,195,https://pg-plaisio.gr/img/p/4/3/9/3//4393.jpg
2115-81,199,https://pg-plaisio.gr/img/p/1/9/9/6/7/19967.jpg
2115-82,199,https://pg-plaisio.gr/img/p/4/3/8/7//4387.jpg
2115-90,190,https://pg-plaisio.gr/img/p/2/0/0/5/6/20056.jpg
2115-93,197,https://pg-plaisio.gr/img/p/2/0/0/5/0/20050.jpg
2115-94,197,https://pg-plaisio.gr/img/p/2/0/0/4/4/20044.jpg
2115-95,198,https://pg-plaisio.gr/img/p/2/0/0/3/8/20038.jpg
2141-740,99,https://pg-plaisio.gr/img/p/2/5/4/0/3/25403.jpg
2200-01,0,https://pg-plaisio.gr/img/p/4/7/2/6//4726.jpg
2200-02,191,https://pg-plaisio.gr/img/p/4/7/2/3//4723.jpg
2200-03,186,https://pg-plaisio.gr/img/p/4/7/2/0//4720.jpg
2219-1,0,https://pg-plaisio.gr/img/p/1/8/6/4/7/18647.jpg
2219-2,200,https://pg-plaisio.gr/img/p/1/8/6/4/4/18644.jpg
2222-171,187,https://pg-plaisio.gr/img/p/1/8/6/4/1/18641.jpg
2222-181,183,https://pg-plaisio.gr/img/p/1/8/6/3/8/18638.jpg
2222-51,195,https://pg-plaisio.gr/img/p/2/0/2/2/4/20224.jpg
2222-56,197,https://pg-plaisio.gr/img/p/2/0/2/1/8/20218.jpg
2222-58,200,https://pg-plaisio.gr/img/p/2/0/2/1/2/20212.jpg
2222-59,0,https://pg-plaisio.gr/img/p/2/0/2/0/6/20206.jpg
2222-9379,200,https://pg-plaisio.gr/img/p/1/8/6/3/5/18635.jpg
2222-9381,200,https://pg-plaisio.gr/img/p/1/8/6/3/2/18632.jpg
2222-9383,200,https://pg-plaisio.gr/img/p/1/8/6/2/9/18629.jpg
2222-9387,200,https://pg-plaisio.gr/img/p/1/8/6/2/6/18626.jpg
2225-1,100,https://pg-plaisio.gr/img/p/2/5/3/9/6/25396.jpg
2240-100,99,https://pg-plaisio.gr/img/p/2/5/3/7/8/25378.jpg
2240-90,100,https://pg-plaisio.gr/img/p/2/5/3/9/0/25390.jpg
2240-91,100,https://pg-plaisio.gr/img/p/2/5/3/8/4/25384.jpg
2319-01,189,https://pg-plaisio.gr/img/p/4/3/8/4//4384.jpg
2319-15,195,https://pg-plaisio.gr/img/p/4/3/8/1//4381.jpg
2322-671,100,https://pg-plaisio.gr/img/p/2/5/3/7/2/25372.jpg
2322-674,100,https://pg-plaisio.gr/img/p/2/5/3/6/3/25363.jpg
2322-681,100,https://pg-plaisio.gr/img/p/2/5/3/5/4/25354.jpg
237-117,100,https://pg-plaisio.gr/img/p/2/6/2/3/8/26238.jpg
2513-1,100,https://pg-plaisio.gr/img/p/2/5/3/4/8/25348.jpg
2513-2,100,https://pg-plaisio.gr/img/p/2/5/3/4/2/25342.jpg
2516-17,100,https://pg-plaisio.gr/img/p/2/5/3/3/6/25336.jpg
2516-33,100,https://pg-plaisio.gr/img/p/2/5/3/3/0/25330.jpg
2516-37,99,https://pg-plaisio.gr/img/p/2/5/3/2/4/25324.jpg
2516-43,100,https://pg-plaisio.gr/img/p/2/5/3/1/8/25318.jpg
2520-101,200,https://pg-plaisio.gr/img/p/1/8/6/2/3/18623.jpg
2520-105,198,https://pg-plaisio.gr/img/p/1/8/6/2/0/18620.jpg
2650-100,100,https://pg-plaisio.gr/img/p/2/5/3/0/0/25300.jpg
2650-90,100,https://pg-plaisio.gr/img/p/2/5/3/1/2/25312.jpg
2650-91,100,https://pg-plaisio.gr/img/p/2/5/3/0/6/25306.jpg
265-75,100,https://pg-plaisio.gr/img/p/2/6/2/3/2/26232.jpg
2716-01,195,https://pg-plaisio.gr/img/p/4/3/7/8//4378.jpg
2716-02,196,https://pg-plaisio.gr/img/p/4/3/7/5//4375.jpg
2716-07,171,https://pg-plaisio.gr/img/p/2/0/0/3/2/20032.jpg
2716-23,198,https://pg-plaisio.gr/img/p/4/3/7/2//4372.jpg
2716-84,197,https://pg-plaisio.gr/img/p/2/0/0/2/6/20026.jpg
2716-87,199,https://pg-plaisio.gr/img/p/4/3/6/9//4369.jpg
2716-88,195,https://pg-plaisio.gr/img/p/2/0/0/2/0/20020.jpg
2815-02,200,https://pg-plaisio.gr/img/p/4/3/6/6//4366.jpg
2815-21,200,https://pg-plaisio.gr/img/p/4/3/6/3//4363.jpg
2815-23,200,https://pg-plaisio.gr/img/p/4/3/6/2//4362.jpg
2816-01,197,https://pg-plaisio.gr/img/p/4/3/5/7//4357.jpg
2816-15,197,https://pg-plaisio.gr/img/p/4/3/5/4//4354.jpg
2820-11,199,https://pg-plaisio.gr/img/p/2/5/2/9/4/25294.jpg
2820-12,100,https://pg-plaisio.gr/img/p/2/5/2/8/8/25288.jpg
287-315,100,https://pg-plaisio.gr/img/p/2/6/2/2/6/26226.jpg
287-317,100,https://pg-plaisio.gr/img/p/2/6/2/2/0/26220.jpg
287-318,100,https://pg-plaisio.gr/img/p/2/6/2/1/4/26214.jpg
287-319,100,https://pg-plaisio.gr/img/p/2/6/2/0/8/26208.jpg
295-382,100,https://pg-plaisio.gr/img/p/2/6/2/0/2/26202.jpg
295-384,100,https://pg-plaisio.gr/img/p/2/6/1/9/6/26196.jpg
300-084,100,https://pg-plaisio.gr/img/p/2/6/1/9/0/26190.jpg
3013-1,100,https://pg-plaisio.gr/img/p/2/5/2/5/8/25258.jpg
3013-3,99,https://pg-plaisio.gr/img/p/2/5/2/7/0/25270.jpg
3013-4,100,https://pg-plaisio.gr/img/p/2/5/2/7/6/25276.jpg
3013-7,100,https://pg-plaisio.gr/img/p/2/5/2/6/4/25264.jpg
3013-8,100,https://pg-plaisio.gr/img/p/2/5/2/8/2/25282.jpg
3020-214,100,https://pg-plaisio.gr/img/p/2/5/2/5/2/25252.jpg
3026-052,200,https://pg-plaisio.gr/img/p/1/8/6/1/8/18618.jpg
3026-053,198,https://pg-plaisio.gr/img/p/1/8/6/1/4/18614.jpg
3128-061,200,https://pg-plaisio.gr/img/p/2/5/2/3/7/25237.jpg
3128-520,200,https://pg-plaisio.gr/img/p/2/5/2/4/3/25243.jpg
3131-530,100,https://pg-plaisio.gr/img/p/2/5/2/3/4/25234.jpg
3131-536,100,https://pg-plaisio.gr/img/p/2/5/2/2/8/25228.jpg
320-050,196,https://pg-plaisio.gr/img/p/1/8/7/0/7/18707.jpg
320-100,199,https://pg-plaisio.gr/img/p/1/8/7/0/4/18704.jpg
320-141,197,https://pg-plaisio.gr/img/p/1/8/7/0/1/18701.jpg
320-582,179,https://pg-plaisio.gr/img/p/1/8/6/9/8/18698.jpg
321-050,198,https://pg-plaisio.gr/img/p/1/8/6/9/5/18695.jpg
321-100,199,https://pg-plaisio.gr/img/p/1/8/6/9/2/18692.jpg
321-141,200,https://pg-plaisio.gr/img/p/1/8/6/8/9/18689.jpg
3215-03,199,https://pg-plaisio.gr/img/p/4/3/5/1//4351.jpg
3215-07,196,https://pg-plaisio.gr/img/p/4/3/4/8//4348.jpg
3215-28,197,https://pg-plaisio.gr/img/p/4/3/4/5//4345.jpg
3215-80,199,https://pg-plaisio.gr/img/p/4/3/4/2//4342.jpg
3215-81,200,https://pg-plaisio.gr/img/p/4/3/3/9//4339.jpg
3215-82,198,https://pg-plaisio.gr/img/p/4/3/3/6//4336.jpg
321-582,200,https://pg-plaisio.gr/img/p/1/8/6/8/6/18686.jpg
3222-01,194,https://pg-plaisio.gr/img/p/2/0/2/0/0/20200.jpg
3222-02,194,https://pg-plaisio.gr/img/p/2/0/1/9/4/20194.jpg
3222-06,192,https://pg-plaisio.gr/img/p/2/0/1/8/8/20188.jpg
3222-08,195,https://pg-plaisio.gr/img/p/2/0/1/8/2/20182.jpg
3222-09,190,https://pg-plaisio.gr/img/p/2/0/1/7/6/20176.jpg
3222-23,189,https://pg-plaisio.gr/img/p/2/0/1/7/0/20170.jpg
3222-95,197,https://pg-plaisio.gr/img/p/2/0/1/6/4/20164.jpg
3224-1,0,https://pg-plaisio.gr/img/p/1/8/6/0/5/18605.jpg
3224-2,1,https://pg-plaisio.gr/img/p/1/8/6/0/2/18602.jpg
3243-101,100,https://pg-plaisio.gr/img/p/2/5/2/2/2/25222.jpg
3243-102,100,https://pg-plaisio.gr/img/p/2/5/2/1/6/25216.jpg
3243-104,100,https://pg-plaisio.gr/img/p/2/5/2/1/0/25210.jpg
330-1117,100,https://pg-plaisio.gr/img/p/2/6/1/8/4/26184.jpg
330-1119,100,https://pg-plaisio.gr/img/p/2/6/1/7/8/26178.jpg
330-2874,100,https://pg-plaisio.gr/img/p/2/6/1/7/2/26172.jpg
3339-RH,100,https://pg-plaisio.gr/img/p/2/5/2/0/4/25204.jpg
3350-03,200,https://pg-plaisio.gr/img/p/2/0/3/7/7/20377.jpg
3350-07,200,https://pg-plaisio.gr/img/p/2/0/3/7/1/20371.jpg
3350-81,200,https://pg-plaisio.gr/img/p/4/3/3/3//4333.jpg
3524-17,100,https://pg-plaisio.gr/img/p/2/5/1/8/6/25186.jpg
3524-3,100,https://pg-plaisio.gr/img/p/2/5/1/9/8/25198.jpg
3524-33,100,https://pg-plaisio.gr/img/p/2/5/1/8/0/25180.jpg
3524-37,100,https://pg-plaisio.gr/img/p/2/5/1/7/4/25174.jpg
3524-4,100,https://pg-plaisio.gr/img/p/2/5/1/9/2/25192.jpg
3524-43,100,https://pg-plaisio.gr/img/p/2/5/1/6/8/25168.jpg
3535-171,200,https://pg-plaisio.gr/img/p/1/8/5/9/9/18599.jpg
3535-181,200,https://pg-plaisio.gr/img/p/1/8/5/9/6/18596.jpg
3538-01,100,https://pg-plaisio.gr/img/p/2/5/1/6/2/25162.jpg
3538-02,100,https://pg-plaisio.gr/img/p/2/5/1/5/6/25156.jpg
3540-201,200,https://pg-plaisio.gr/img/p/1/8/5/9/3/18593.jpg
3540-202,199,https://pg-plaisio.gr/img/p/1/8/5/9/0/18590.jpg
3540-204,200,https://pg-plaisio.gr/img/p/1/8/5/8/7/18587.jpg
3540-205,200,https://pg-plaisio.gr/img/p/1/8/5/8/4/18584.jpg
3721-01,100,https://pg-plaisio.gr/img/p/2/5/1/5/0/25150.jpg
3721-02,100,https://pg-plaisio.gr/img/p/2/5/1/4/4/25144.jpg
3721-05,100,https://pg-plaisio.gr/img/p/2/5/1/3/8/25138.jpg
3815-02,200,https://pg-plaisio.gr/img/p/4/3/3/0//4330.jpg
3815-21,200,https://pg-plaisio.gr/img/p/4/3/2/7//4327.jpg
3815-23,200,https://pg-plaisio.gr/img/p/4/3/2/4//4324.jpg
3825-01,99,https://pg-plaisio.gr/img/p/2/5/1/3/2/25132.jpg
3825-02,99,https://pg-plaisio.gr/img/p/2/5/1/2/6/25126.jpg
3825-21,100,https://pg-plaisio.gr/img/p/2/5/1/2/0/25120.jpg
3825-23,100,https://pg-plaisio.gr/img/p/2/5/1/1/4/25114.jpg
3826-01,199,https://pg-plaisio.gr/img/p/4/3/2/1//4321.jpg
3826-15,200,https://pg-plaisio.gr/img/p/4/3/1/8//4318.jpg
3835-113,100,https://pg-plaisio.gr/img/p/2/5/1/0/8/25108.jpg
3835-115,100,https://pg-plaisio.gr/img/p/2/5/1/0/2/25102.jpg
3835-116,100,https://pg-plaisio.gr/img/p/2/5/0/9/6/25096.jpg
3931-837B,100,https://pg-plaisio.gr/img/p/2/5/0/9/0/25090.jpg
3931-837P,100,https://pg-plaisio.gr/img/p/2/5/0/8/4/25084.jpg
4015-01,100,https://pg-plaisio.gr/img/p/2/5/0/7/8/25078.jpg
4015-02,99,https://pg-plaisio.gr/img/p/2/5/0/7/2/25072.jpg
4015-03,99,https://pg-plaisio.gr/img/p/2/5/0/6/6/25066.jpg
4015-04,0,https://pg-plaisio.gr/img/p/2/5/0/6/0/25060.jpg
4015-05,100,https://pg-plaisio.gr/img/p/2/5/0/5/4/25054.jpg
4020-100,100,https://pg-plaisio.gr/img/p/2/5/0/4/8/25048.jpg
4020-101,0,https://pg-plaisio.gr/img/p/1/8/5/8/1/18581.jpg
4020-105,199,https://pg-plaisio.gr/img/p/1/8/5/7/8/18578.jpg
4030-04,200,https://pg-plaisio.gr/img/p/4/3/1/5//4315.jpg
4030-06,200,https://pg-plaisio.gr/img/p/4/3/1/2//4312.jpg
4030-08,0,https://pg-plaisio.gr/img/p/4/3/0/9//4309.jpg
4030-09,199,https://pg-plaisio.gr/img/p/4/3/0/6//4306.jpg
4030-55,193,https://pg-plaisio.gr/img/p/4/3/0/4//4304.jpg
403-10,100,https://pg-plaisio.gr/img/p/2/6/1/6/6/26166.jpg
403-50,100,https://pg-plaisio.gr/img/p/2/6/1/6/0/26160.jpg
404-130,0,https://pg-plaisio.gr/img/p/2/6/1/4/8/26148.jpg
404-50,100,https://pg-plaisio.gr/img/p/2/6/1/5/4/26154.jpg
4045-3013,100,https://pg-plaisio.gr/img/p/2/5/0/4/2/25042.jpg
4045-3015,100,https://pg-plaisio.gr/img/p/2/5/0/3/6/25036.jpg
405-1033,100,https://pg-plaisio.gr/img/p/2/6/1/3/6/26136.jpg
405-496,100,https://pg-plaisio.gr/img/p/2/6/1/4/2/26142.jpg
409-100,100,https://pg-plaisio.gr/img/p/2/6/1/3/0/26130.jpg
409-110,0,https://pg-plaisio.gr/img/p/2/6/1/2/4/26124.jpg
409-140,5,https://pg-plaisio.gr/img/p/2/6/1/1/8/26118.jpg
4127-1,0,https://pg-plaisio.gr/img/p/4/6/6/6//4666.jpg
4127-2,198,https://pg-plaisio.gr/img/p/4/6/6/3//4663.jpg
4216-01,198,https://pg-plaisio.gr/img/p/4/3/0/1//4301.jpg
4216-08,200,https://pg-plaisio.gr/img/p/4/2/9/8//4298.jpg
4222-07,197,https://pg-plaisio.gr/img/p/2/0/1/5/8/20158.jpg
4222-11,191,https://pg-plaisio.gr/img/p/2/0/1/5/2/20152.jpg
4222-12,195,https://pg-plaisio.gr/img/p/2/0/1/4/6/20146.jpg
4222-23,200,https://pg-plaisio.gr/img/p/2/0/1/4/0/20140.jpg
4222-84,195,https://pg-plaisio.gr/img/p/2/0/1/3/4/20134.jpg
4222-87,200,https://pg-plaisio.gr/img/p/2/0/1/2/8/20128.jpg
4222-88,184,https://pg-plaisio.gr/img/p/2/0/1/2/2/20122.jpg
4230-01,100,https://pg-plaisio.gr/img/p/2/5/0/3/0/25030.jpg
4315-13,200,https://pg-plaisio.gr/img/p/4/2/9/4//4294.jpg
4315-17,189,https://pg-plaisio.gr/img/p/4/2/9/1//4291.jpg
4315-23,199,https://pg-plaisio.gr/img/p/4/2/8/8//4288.jpg
4315-28,100,https://pg-plaisio.gr/img/p/2/5/0/2/4/25024.jpg
4315-81,198,https://pg-plaisio.gr/img/p/4/2/8/5//4285.jpg
4315-82,199,https://pg-plaisio.gr/img/p/4/2/8/2//4282.jpg
4315-90,199,https://pg-plaisio.gr/img/p/2/0/0/1/4/20014.jpg
4315-93,199,https://pg-plaisio.gr/img/p/2/0/0/0/8/20008.jpg
4315-94,200,https://pg-plaisio.gr/img/p/2/0/0/0/2/20002.jpg
4315-95,199,https://pg-plaisio.gr/img/p/1/9/9/9/6/19996.jpg
4320-1,100,https://pg-plaisio.gr/img/p/2/5/0/1/8/25018.jpg
4320-2,100,https://pg-plaisio.gr/img/p/2/5/0/1/2/25012.jpg
4427-052,100,https://pg-plaisio.gr/img/p/2/5/0/0/6/25006.jpg
4427-053,100,https://pg-plaisio.gr/img/p/2/5/0/0/0/25000.jpg
451-335,98,https://pg-plaisio.gr/img/p/2/6/0/9/4/26094.jpg
451-354,97,https://pg-plaisio.gr/img/p/2/6/0/8/8/26088.jpg
451-373,100,https://pg-plaisio.gr/img/p/2/6/0/8/1/26081.jpg
4527-2,198,https://pg-plaisio.gr/img/p/4/6/6/0//4660.jpg
4527-3,198,https://pg-plaisio.gr/img/p/4/6/5/7//4657.jpg
4527-4,200,https://pg-plaisio.gr/img/p/4/6/5/4//4654.jpg
4535-03,200,https://pg-plaisio.gr/img/p/4/2/7/9//4279.jpg
4535-07,199,https://pg-plaisio.gr/img/p/4/2/7/6//4276.jpg
4535-23,200,https://pg-plaisio.gr/img/p/4/2/7/3//4273.jpg
4535-81,199,https://pg-plaisio.gr/img/p/4/2/7/0//4270.jpg
4535-82,200,https://pg-plaisio.gr/img/p/4/2/6/7//4267.jpg
4535-90,100,https://pg-plaisio.gr/img/p/2/4/9/9/4/24994.jpg
4535-93,100,https://pg-plaisio.gr/img/p/2/4/9/8/8/24988.jpg
4535-95,100,https://pg-plaisio.gr/img/p/2/4/9/8/2/24982.jpg
4715-130,100,https://pg-plaisio.gr/img/p/2/4/9/7/0/24970.jpg
4715-150,100,https://pg-plaisio.gr/img/p/2/4/9/6/4/24964.jpg
4715-60,100,https://pg-plaisio.gr/img/p/2/4/9/7/6/24976.jpg
4815-1040,100,https://pg-plaisio.gr/img/p/2/4/9/3/8/24938.jpg
4845-003,0,https://pg-plaisio.gr/img/p/2/4/9/3/2/24932.jpg
4845-004,100,https://pg-plaisio.gr/img/p/2/4/9/2/6/24926.jpg
4914-901,100,https://pg-plaisio.gr/img/p/2/4/9/2/0/24920.jpg
4914-902,100,https://pg-plaisio.gr/img/p/2/4/9/1/4/24914.jpg
4914-909,100,https://pg-plaisio.gr/img/p/2/4/9/0/8/24908.jpg
4914-910,100,https://pg-plaisio.gr/img/p/2/4/9/0/2/24902.jpg
4914-914,100,https://pg-plaisio.gr/img/p/2/4/8/9/6/24896.jpg
500-031,93,https://pg-plaisio.gr/img/p/2/6/0/4/5/26045.jpg
500-070,82,https://pg-plaisio.gr/img/p/2/6/0/3/9/26039.jpg
500-139,100,https://pg-plaisio.gr/img/p/2/6/0/7/5/26075.jpg
500-160,99,https://pg-plaisio.gr/img/p/2/6/0/3/3/26033.jpg
500-194,100,https://pg-plaisio.gr/img/p/2/6/0/6/9/26069.jpg
500-196,100,https://pg-plaisio.gr/img/p/2/6/0/6/3/26063.jpg
500-224,100,https://pg-plaisio.gr/img/p/2/6/0/5/7/26057.jpg
500-501,100,https://pg-plaisio.gr/img/p/2/6/0/2/7/26027.jpg
500-858,90,https://pg-plaisio.gr/img/p/2/6/0/2/1/26021.jpg
500-901,100,https://pg-plaisio.gr/img/p/2/6/0/1/5/26015.jpg
500-902,100,https://pg-plaisio.gr/img/p/2/6/0/0/9/26009.jpg
500-904,97,https://pg-plaisio.gr/img/p/2/6/0/0/3/26003.jpg
500-905,99,https://pg-plaisio.gr/img/p/2/5/9/9/7/25997.jpg
500-906,99,https://pg-plaisio.gr/img/p/2/5/9/9/1/25991.jpg
500-908,100,https://pg-plaisio.gr/img/p/2/5/9/8/5/25985.jpg
500-909,100,https://pg-plaisio.gr/img/p/2/5/9/7/9/25979.jpg
5036-33,100,https://pg-plaisio.gr/img/p/2/4/8/9/0/24890.jpg
5036-37,100,https://pg-plaisio.gr/img/p/2/4/8/8/4/24884.jpg
5036-43,100,https://pg-plaisio.gr/img/p/2/4/8/7/8/24878.jpg
505-031,99,https://pg-plaisio.gr/img/p/2/5/9/7/2/25972.jpg
505-06,98,https://pg-plaisio.gr/img/p/2/6/0/5/1/26051.jpg
505-070,96,https://pg-plaisio.gr/img/p/2/5/9/6/6/25966.jpg
505-160,97,https://pg-plaisio.gr/img/p/2/5/9/6/0/25960.jpg
505-501,100,https://pg-plaisio.gr/img/p/2/5/9/5/4/25954.jpg
505-858,100,https://pg-plaisio.gr/img/p/2/5/9/4/8/25948.jpg
505-901,100,https://pg-plaisio.gr/img/p/2/5/9/4/2/25942.jpg
505-902,99,https://pg-plaisio.gr/img/p/2/5/9/3/6/25936.jpg
505-904,97,https://pg-plaisio.gr/img/p/2/5/9/3/0/25930.jpg
505-905,99,https://pg-plaisio.gr/img/p/2/5/9/2/4/25924.jpg
505-906,100,https://pg-plaisio.gr/img/p/2/5/9/1/8/25918.jpg
505-907,99,https://pg-plaisio.gr/img/p/2/5/9/1/2/25912.jpg
505-909,99,https://pg-plaisio.gr/img/p/2/5/9/0/6/25906.jpg
510-139,100,https://pg-plaisio.gr/img/p/2/5/9/0/0/25900.jpg
510-140,200,https://pg-plaisio.gr/img/p/2/5/8/9/4/25894.jpg
510-224,100,https://pg-plaisio.gr/img/p/2/5/8/8/8/25888.jpg
51-181,100,https://pg-plaisio.gr/img/p/2/6/4/2/2/26422.jpg
51-182,100,https://pg-plaisio.gr/img/p/2/6/4/1/6/26416.jpg
5201-HK,100,https://pg-plaisio.gr/img/p/2/4/8/7/2/24872.jpg
5230-21,99,https://pg-plaisio.gr/img/p/2/4/8/6/5/24865.jpg
5247-HK,99,https://pg-plaisio.gr/img/p/2/4/8/5/9/24859.jpg
5247-YK,100,https://pg-plaisio.gr/img/p/2/4/8/5/3/24853.jpg
525-171,100,https://pg-plaisio.gr/img/p/2/5/8/7/6/25876.jpg
528-171,100,https://pg-plaisio.gr/img/p/2/5/8/7/0/25870.jpg
5319-129,100,https://pg-plaisio.gr/img/p/2/4/8/4/7/24847.jpg
5319-302,100,https://pg-plaisio.gr/img/p/2/4/8/4/1/24841.jpg
5326-H,100,https://pg-plaisio.gr/img/p/2/4/8/3/5/24835.jpg
5417-16,100,https://pg-plaisio.gr/img/p/2/4/8/2/3/24823.jpg
5417-5,100,https://pg-plaisio.gr/img/p/2/4/8/2/9/24829.jpg
5417-50,100,https://pg-plaisio.gr/img/p/2/4/8/1/7/24817.jpg
5422-194,100,https://pg-plaisio.gr/img/p/2/4/8/0/5/24805.jpg
5422-195,100,https://pg-plaisio.gr/img/p/2/4/7/9/9/24799.jpg
5422-196,100,https://pg-plaisio.gr/img/p/2/4/7/9/3/24793.jpg
5422-808,100,https://pg-plaisio.gr/img/p/2/4/7/8/7/24787.jpg
5422-95,100,https://pg-plaisio.gr/img/p/2/4/8/1/1/24811.jpg
5443-GK,100,https://pg-plaisio.gr/img/p/2/4/7/8/1/24781.jpg
5530-01,100,https://pg-plaisio.gr/img/p/2/4/7/7/5/24775.jpg
5535-01,190,https://pg-plaisio.gr/img/p/2/0/1/1/6/20116.jpg
5535-02,198,https://pg-plaisio.gr/img/p/2/0/1/1/0/20110.jpg
5535-06,198,https://pg-plaisio.gr/img/p/2/0/1/0/4/20104.jpg
5535-08,197,https://pg-plaisio.gr/img/p/2/0/0/9/8/20098.jpg
5535-09,200,https://pg-plaisio.gr/img/p/2/0/0/9/2/20092.jpg
5535-23,200,https://pg-plaisio.gr/img/p/2/0/0/8/6/20086.jpg
5535-95,197,https://pg-plaisio.gr/img/p/2/0/0/8/0/20080.jpg
5555-171,100,https://pg-plaisio.gr/img/p/2/4/7/6/9/24769.jpg
5555-181,100,https://pg-plaisio.gr/img/p/2/4/7/6/3/24763.jpg
5555-673,100,https://pg-plaisio.gr/img/p/2/4/7/5/7/24757.jpg
5555-714,100,https://pg-plaisio.gr/img/p/2/4/7/5/1/24751.jpg
5555-985,100,https://pg-plaisio.gr/img/p/2/4/7/4/5/24745.jpg
556-1,100,https://pg-plaisio.gr/img/p/2/5/8/6/4/25864.jpg
556-10,100,https://pg-plaisio.gr/img/p/2/5/8/5/2/25852.jpg
556-15,100,https://pg-plaisio.gr/img/p/2/5/8/4/6/25846.jpg
556-16,100,https://pg-plaisio.gr/img/p/2/5/8/4/0/25840.jpg
556-2,100,https://pg-plaisio.gr/img/p/2/5/8/5/8/25858.jpg
557-1,100,https://pg-plaisio.gr/img/p/2/5/8/3/4/25834.jpg
557-10,100,https://pg-plaisio.gr/img/p/2/5/8/2/2/25822.jpg
557-15,100,https://pg-plaisio.gr/img/p/2/5/8/1/6/25816.jpg
557-16,100,https://pg-plaisio.gr/img/p/2/5/8/1/0/25810.jpg
557-2,99,https://pg-plaisio.gr/img/p/2/5/8/2/8/25828.jpg
56-06,194,https://pg-plaisio.gr/img/p/4/2/6/4//4264.jpg
56-08,192,https://pg-plaisio.gr/img/p/4/2/6/1//4261.jpg
56-09,179,https://pg-plaisio.gr/img/p/4/2/5/8//4258.jpg
56-18,99,https://pg-plaisio.gr/img/p/2/6/4/1/0/26410.jpg
56-19,89,https://pg-plaisio.gr/img/p/2/6/4/0/4/26404.jpg
56-511,180,https://pg-plaisio.gr/img/p/4/2/5/5//4255.jpg
566-0770,100,https://pg-plaisio.gr/img/p/2/5/7/9/8/25798.jpg
566-0773,100,https://pg-plaisio.gr/img/p/2/5/7/9/2/25792.jpg
566-1BA,100,https://pg-plaisio.gr/img/p/2/5/8/0/4/25804.jpg
5740-01,200,https://pg-plaisio.gr/img/p/2/4/7/3/3/24733.jpg
5740-02,200,https://pg-plaisio.gr/img/p/2/4/7/3/9/24739.jpg
6040-01,100,https://pg-plaisio.gr/img/p/2/4/7/2/1/24721.jpg
6040-02,100,https://pg-plaisio.gr/img/p/2/4/7/1/5/24715.jpg
6040-05,99,https://pg-plaisio.gr/img/p/2/4/7/0/9/24709.jpg
6040-23,100,https://pg-plaisio.gr/img/p/2/4/7/0/3/24703.jpg
605-201,200,https://pg-plaisio.gr/img/p/2/5/7/8/3/25783.jpg
605-220,200,https://pg-plaisio.gr/img/p/4/2/4/3//4243.jpg
61-001,100,https://pg-plaisio.gr/img/p/2/6/3/8/5/26385.jpg
61-374,99,https://pg-plaisio.gr/img/p/2/6/3/7/9/26379.jpg
622-0410,100,https://pg-plaisio.gr/img/p/2/5/7/8/0/25780.jpg
622-4701,100,https://pg-plaisio.gr/img/p/2/5/7/7/4/25774.jpg
6316-131,100,https://pg-plaisio.gr/img/p/2/4/6/9/7/24697.jpg
6316-231,100,https://pg-plaisio.gr/img/p/2/4/6/9/1/24691.jpg
6316-318,100,https://pg-plaisio.gr/img/p/2/4/6/8/5/24685.jpg
6320-2,100,https://pg-plaisio.gr/img/p/2/4/6/6/7/24667.jpg
6424-241,100,https://pg-plaisio.gr/img/p/2/4/6/5/5/24655.jpg
6424-88,100,https://pg-plaisio.gr/img/p/2/4/6/6/1/24661.jpg
6540-05,100,https://pg-plaisio.gr/img/p/2/4/6/4/9/24649.jpg
6540-11,100,https://pg-plaisio.gr/img/p/2/4/6/4/3/24643.jpg
6833-140,100,https://pg-plaisio.gr/img/p/2/4/6/3/7/24637.jpg
6833-225,100,https://pg-plaisio.gr/img/p/2/4/6/3/1/24631.jpg
6833-318,100,https://pg-plaisio.gr/img/p/2/4/6/2/5/24625.jpg
6918-03,200,https://pg-plaisio.gr/img/p/1/9/9/9/0/19990.jpg
6918-07,199,https://pg-plaisio.gr/img/p/1/9/9/8/4/19984.jpg
6918-23,196,https://pg-plaisio.gr/img/p/4/2/3/1//4231.jpg
6918-32,100,https://pg-plaisio.gr/img/p/2/4/6/1/9/24619.jpg
6918-81,200,https://pg-plaisio.gr/img/p/4/2/3/0//4230.jpg
6918-82,200,https://pg-plaisio.gr/img/p/4/2/2/7//4227.jpg
6918-93,200,https://pg-plaisio.gr/img/p/1/9/9/7/8/19978.jpg
6918-95,198,https://pg-plaisio.gr/img/p/1/9/9/7/2/19972.jpg
70-10,98,https://pg-plaisio.gr/img/p/2/6/3/6/7/26367.jpg
7029-1004,100,https://pg-plaisio.gr/img/p/2/4/6/1/3/24613.jpg
7029-1005,100,https://pg-plaisio.gr/img/p/2/4/6/0/7/24607.jpg
7030-101,199,https://pg-plaisio.gr/img/p/1/8/5/7/0/18570.jpg
7030-105,199,https://pg-plaisio.gr/img/p/1/8/5/6/6/18566.jpg
7050-16,100,https://pg-plaisio.gr/img/p/2/4/6/7/9/24679.jpg
7050-17,100,https://pg-plaisio.gr/img/p/2/4/6/7/3/24673.jpg
7052-33,100,https://pg-plaisio.gr/img/p/2/4/6/0/1/24601.jpg
7052-37,100,https://pg-plaisio.gr/img/p/2/4/5/9/5/24595.jpg
7052-43,100,https://pg-plaisio.gr/img/p/2/4/5/8/9/24589.jpg
715-211,100,https://pg-plaisio.gr/img/p/2/5/7/6/8/25768.jpg
715-213,0,https://pg-plaisio.gr/img/p/2/5/7/6/2/25762.jpg
715-214,100,https://pg-plaisio.gr/img/p/2/5/7/5/6/25756.jpg
7320-582,100,https://pg-plaisio.gr/img/p/2/4/5/7/7/24577.jpg
746-10,100,https://pg-plaisio.gr/img/p/2/5/7/5/0/25750.jpg
7518-1040,100,https://pg-plaisio.gr/img/p/2/4/5/5/9/24559.jpg
7518-1821,100,https://pg-plaisio.gr/img/p/2/4/5/6/5/24565.jpg
7518-1868,100,https://pg-plaisio.gr/img/p/2/4/5/5/2/24552.jpg
7547-91,100,https://pg-plaisio.gr/img/p/2/4/5/4/0/24540.jpg
7554-02,200,https://pg-plaisio.gr/img/p/2/4/5/4/3/24543.jpg
7554-12,200,https://pg-plaisio.gr/img/p/2/4/5/4/6/24546.jpg
7828-597,100,https://pg-plaisio.gr/img/p/2/4/5/2/0/24520.jpg
785-04,100,https://pg-plaisio.gr/img/p/2/5/7/4/4/25744.jpg
785-06,100,https://pg-plaisio.gr/img/p/2/5/7/3/8/25738.jpg
786-03,100,https://pg-plaisio.gr/img/p/2/5/7/3/2/25732.jpg
786-05,100,https://pg-plaisio.gr/img/p/2/5/7/2/6/25726.jpg
8022-01,100,https://pg-plaisio.gr/img/p/2/4/5/1/4/24514.jpg
8022-03,100,https://pg-plaisio.gr/img/p/2/4/5/0/8/24508.jpg
8060-01,100,https://pg-plaisio.gr/img/p/2/4/5/0/2/24502.jpg
8065-088,100,https://pg-plaisio.gr/img/p/2/4/4/9/3/24493.jpg
8065-301,100,https://pg-plaisio.gr/img/p/2/4/4/8/7/24487.jpg
8065-N96,100,https://pg-plaisio.gr/img/p/2/4/4/8/1/24481.jpg
8067-0503,100,https://pg-plaisio.gr/img/p/2/4/4/6/9/24469.jpg
8067-0510,100,https://pg-plaisio.gr/img/p/2/4/4/6/3/24463.jpg
8067-91,100,https://pg-plaisio.gr/img/p/2/4/4/7/5/24475.jpg
820-1,100,https://pg-plaisio.gr/img/p/2/5/7/2/0/25720.jpg
820-2,100,https://pg-plaisio.gr/img/p/2/5/7/1/4/25714.jpg
8245-21,100,https://pg-plaisio.gr/img/p/2/4/4/5/7/24457.jpg
8296-103,100,https://pg-plaisio.gr/img/p/2/4/4/5/1/24451.jpg
8302-01,100,https://pg-plaisio.gr/img/p/2/4/4/4/5/24445.jpg
8302-03,100,https://pg-plaisio.gr/img/p/2/4/4/3/9/24439.jpg
8302-04,100,https://pg-plaisio.gr/img/p/2/4/4/3/3/24433.jpg
8302-07,100,https://pg-plaisio.gr/img/p/2/4/4/2/7/24427.jpg
8302-AA,100,https://pg-plaisio.gr/img/p/2/4/4/2/1/24421.jpg
8302-OR,100,https://pg-plaisio.gr/img/p/2/4/4/1/5/24415.jpg
8357-1033,100,https://pg-plaisio.gr/img/p/2/4/4/0/9/24409.jpg
8385-11,100,https://pg-plaisio.gr/img/p/2/4/4/0/3/24403.jpg
8385-171,100,https://pg-plaisio.gr/img/p/2/4/3/9/7/24397.jpg
8385-523,100,https://pg-plaisio.gr/img/p/2/4/3/9/1/24391.jpg
839-02,99,https://pg-plaisio.gr/img/p/2/5/7/0/8/25708.jpg
8396-011,100,https://pg-plaisio.gr/img/p/2/4/3/8/5/24385.jpg
8396-AVO,100,https://pg-plaisio.gr/img/p/2/4/3/7/9/24379.jpg
8520-1018,100,https://pg-plaisio.gr/img/p/2/4/3/6/1/24361.jpg
8520-231,100,https://pg-plaisio.gr/img/p/2/4/3/7/3/24373.jpg
8520-347,100,https://pg-plaisio.gr/img/p/2/4/3/6/7/24367.jpg
8571-81,100,https://pg-plaisio.gr/img/p/2/4/3/5/5/24355.jpg
859-02,100,https://pg-plaisio.gr/img/p/2/5/7/0/2/25702.jpg
8644-AA,100,https://pg-plaisio.gr/img/p/2/4/3/4/9/24349.jpg
8644-ON,100,https://pg-plaisio.gr/img/p/2/4/3/4/3/24343.jpg
87427-4880,0,https://pg-plaisio.gr/img/p/2/4/2/9/5/24295.jpg
87427-4881,100,https://pg-plaisio.gr/img/p/2/4/2/8/9/24289.jpg
87427-4891,100,https://pg-plaisio.gr/img/p/2/4/2/8/3/24283.jpg
877-1,100,https://pg-plaisio.gr/img/p/2/5/6/9/6/25696.jpg
877-2,100,https://pg-plaisio.gr/img/p/2/5/6/9/0/25690.jpg
88020-4881,100,https://pg-plaisio.gr/img/p/2/4/2/7/7/24277.jpg
88020-4890,100,https://pg-plaisio.gr/img/p/2/4/2/6/8/24268.jpg
88020-4891,100,https://pg-plaisio.gr/img/p/2/4/2/6/2/24262.jpg
89020-442,100,https://pg-plaisio.gr/img/p/2/4/2/5/6/24256.jpg
89020-485,100,https://pg-plaisio.gr/img/p/2/4/2/5/0/24250.jpg
9223-130,100,https://pg-plaisio.gr/img/p/2/4/3/0/7/24307.jpg
9223-150,100,https://pg-plaisio.gr/img/p/2/4/3/0/1/24301.jpg
9223-50,100,https://pg-plaisio.gr/img/p/2/4/3/1/3/24313.jpg
93-001,100,https://pg-plaisio.gr/img/p/2/6/3/6/1/26361.jpg
93-374,100,https://pg-plaisio.gr/img/p/2/6/3/5/5/26355.jpg
93717-3318,10,https://pg-plaisio.gr/img/p/2/4/2/4/3/24243.jpg
93720-1004,100,https://pg-plaisio.gr/img/p/2/4/2/3/7/24237.jpg
94014-2084,6,https://pg-plaisio.gr/img/p/2/4/2/3/2/24232.jpg
95040-1014,10,https://pg-plaisio.gr/img/p/2/4/2/2/5/24225.jpg
96325-2062,10,https://pg-plaisio.gr/img/p/2/4/2/1/9/24219.jpg
96424-2062,10,https://pg-plaisio.gr/img/p/2/4/2/1/3/24213.jpg
97419-2084,1,https://pg-plaisio.gr/img/p/2/4/2/0/8/24208.jpg
97-ORO,99,https://pg-plaisio.gr/img/p/2/6/3/4/9/26349.jpg
F58-484,100,https://pg-plaisio.gr/img/p/2/4/1/9/8/24198.jpg
